,NDVI,LST,BURNED_AREA,CLASS
1099,0.63663,14276.5,4.528302,no_fire
6,0.508299,14333.375,4.976563,fire
743,0.446279,15151.963746,4.859233,fire
1318,0.646438,14899.384615,4.692308,no_fire
712,0.588011,14811.842105,3.655172,fire
1430,0.576319,14402.818182,5.0,no_fire
820,0.690175,14847.566502,4.98338,no_fire
841,0.623853,14280.428571,4.913043,no_fire
578,0.538957,14527.589189,4.920323,fire
642,0.574426,14476.5,5.0,fire
47,0.563287,14281.918239,4.932079,no_fire
658,0.695635,14419.112676,4.746479,no_fire
527,0.570244,14596.75,4.732394,no_fire
1184,0.580336,14943.040462,4.92161,no_fire
884,0.536318,15015.584071,4.944444,no_fire
175,0.552938,14540.75,4.5,no_fire
80,0.472933,14929.75,4.0,fire
1553,0.652732,14622.575175,4.762799,no_fire
53,0.588702,13699.447368,4.385744,no_fire
1003,0.34462,14411.769231,4.625,no_fire
1014,0.603207,14985.0,5.0,no_fire
262,0.537051,15332.0,5.0,no_fire
940,0.570972,14806.5,4.0,no_fire
654,0.540158,14426.272727,4.017241,fire
1039,0.570595,14718.142857,4.666667,no_fire
619,0.570774,14616.571429,4.958955,no_fire
1441,0.559443,14559.0,3.0,no_fire
823,0.551964,14657.52964,5.044311,fire
187,0.14337,13760.666667,4.888889,no_fire
1699,0.462244,14399.0,4.568627,fire
1336,0.483041,14952.877133,4.559727,no_fire
511,0.687639,14672.0,5.0,no_fire
542,0.511655,14475.68,5.0,no_fire
897,0.43879,15208.230769,4.4,fire
467,0.603396,14807.190476,4.809524,no_fire
34,0.532021,15293.352941,5.0,no_fire
621,0.611015,14095.472477,4.929825,no_fire
76,0.667647,15085.0,5.0,no_fire
1103,0.604311,15014.0,5.0,fire
1502,0.492228,14557.35473,4.933116,no_fire
118,0.472408,14805.777778,4.077079,fire
148,0.60495,14905.508559,4.99521,fire
1698,0.574549,14635.928571,5.608108,no_fire
299,0.627254,14770.361702,4.914894,no_fire
1097,0.689735,14324.055556,5.0,no_fire
220,0.568952,14285.860465,4.901408,no_fire
657,0.456017,14027.5,4.0,no_fire
1023,0.655674,14406.44186,4.837838,fire
124,0.425139,14495.633333,5.0,no_fire
1523,0.662867,14942.976563,4.78125,no_fire
191,0.645072,14845.0,5.0,no_fire
1640,0.551523,15151.273224,4.628415,fire
1223,0.639752,14227.0,4.933962,no_fire
1677,0.66514,14392.398438,4.796875,no_fire
1140,0.467278,14246.764706,4.415987,no_fire
217,0.553826,14553.5,4.5,no_fire
918,0.483041,14952.877133,4.559727,no_fire
988,0.528731,14768.388889,4.814208,no_fire
899,0.610697,15071.669811,4.90566,no_fire
1585,0.562972,14651.0,3.0,no_fire
1063,0.447475,14659.5,5.0,no_fire
1260,0.431734,14142.7,4.433486,no_fire
408,0.491819,13948.584071,4.796814,no_fire
1092,0.555382,14697.333333,5.0,no_fire
1524,0.614596,14902.986436,4.714608,fire
1521,0.508305,14775.583333,4.583333,no_fire
506,0.552721,14405.0,3.0,no_fire
513,0.441084,14288.266667,4.75,no_fire
1116,0.605019,15114.0,5.0,no_fire
254,0.585609,15259.029412,5.0,no_fire
14,0.596891,14336.141509,4.716981,no_fire
322,0.608305,14512.5,4.0,no_fire
1628,0.491568,14448.5,4.592593,fire
1309,0.484331,14693.0,4.914894,no_fire
1081,0.606868,14337.5,5.0,no_fire
759,0.611025,14949.0,5.0,no_fire
1671,0.586074,14947.396226,4.773585,no_fire
666,0.472834,15214.68,5.608696,fire
1271,0.485128,13776.166667,4.4,no_fire
18,0.506682,14724.468254,4.984375,fire
379,0.617781,14934.0,5.0,fire
1240,0.537561,14593.976723,4.876644,fire
342,0.478435,14227.0,5.0,no_fire
748,0.645652,14894.0,5.0,no_fire
554,0.561,13742.15,4.619718,no_fire
581,0.534045,15360.428571,6.695652,fire
310,0.528994,14390.5,5.0,no_fire
1027,0.540004,14742.913043,4.348837,fire
564,0.573024,15059.75,5.0,fire
432,0.456558,13864.566667,5.0,no_fire
966,0.484558,14191.875,4.179299,no_fire
768,0.622966,14855.5,3.0,fire
1356,0.433514,14791.538217,4.756356,no_fire
259,0.575282,14963.0,5.0,no_fire
602,0.553002,15283.322404,4.672131,no_fire
887,0.570582,14590.23176,4.974576,no_fire
459,0.396272,14332.0,4.382927,no_fire
788,0.578616,14681.0,5.0,no_fire
1259,0.669665,13814.125,4.922921,no_fire
974,0.486541,14529.0,4.898858,no_fire
1364,0.460831,15123.290171,4.987298,fire
107,0.582301,14961.777778,4.0,fire
1355,0.538897,15021.0,5.0,no_fire
1555,0.508948,14632.25,3.953488,no_fire
440,0.627471,14745.637931,3.724138,no_fire
572,0.584274,14536.202381,4.54717,no_fire
1625,0.522356,14633.666667,5.0,no_fire
412,0.577438,15144.0,4.0,no_fire
775,0.528226,15375.047619,4.714286,fire
1114,0.376133,14755.727273,4.94746,fire
1606,0.58624,14355.666667,3.0,no_fire
491,0.543778,14765.25,5.0,fire
1437,0.444737,14512.5,4.766667,no_fire
1672,0.480901,14937.705882,5.0,fire
1377,0.437063,14202.4,4.565854,no_fire
982,0.666944,14210.5,5.0,no_fire
233,0.589768,14772.666667,4.4,no_fire
646,0.681533,14933.0,5.0,no_fire
1598,0.498477,14425.333333,5.0,no_fire
1185,0.547262,15176.0,4.0,no_fire
39,0.556863,14808.0,5.0,no_fire
253,0.639072,14913.0,5.0,no_fire
1358,0.593917,15186.855072,4.884058,no_fire
442,0.438145,14369.509091,4.970339,no_fire
347,0.49346,14705.771429,4.915493,no_fire
1055,0.511612,14947.797927,4.87602,no_fire
489,0.573999,14468.0,3.0,fire
1078,0.58768,14845.914894,5.896175,fire
1079,0.533634,14887.5,5.0,no_fire
1188,0.510724,14829.0,6.888889,fire
1540,0.437328,15179.582547,4.761295,fire
948,0.669665,13814.125,4.922921,no_fire
361,0.654292,15108.0,5.0,no_fire
5,0.454228,14929.571429,4.904762,fire
58,0.359946,15359.272727,5.0,no_fire
251,0.525014,14660.0,3.0,no_fire
1017,0.458425,14740.828188,4.945545,fire
963,0.665907,14616.0,5.0,no_fire
1129,0.396272,14332.0,4.382927,no_fire
1676,0.491077,14831.0,5.0,no_fire
161,0.530114,15221.097884,5.178899,no_fire
456,0.65028,14800.125,4.888889,no_fire
532,0.485788,14705.446809,5.0,fire
960,0.548635,14923.295652,5.0,fire
298,0.673325,14567.833333,4.444444,no_fire
638,0.466677,14517.076923,4.235495,fire
182,0.515248,14297.666667,5.0,no_fire
1501,0.700522,14479.0,5.0,no_fire
1414,0.439677,14765.448276,5.0,fire
487,0.630733,14373.971941,4.669462,no_fire
1475,0.53404,14537.593812,4.913873,fire
665,0.611786,14044.333333,5.0,no_fire
1296,0.670221,14909.0,3.0,fire
961,0.623084,14408.910194,4.46789,no_fire
580,0.439825,14363.285714,4.898305,no_fire
19,0.64064,14349.68,4.62029,fire
1279,0.589333,14099.1,4.820755,no_fire
553,0.563992,14480.0,5.0,no_fire
54,0.713023,14932.363636,5.0,no_fire
1490,0.537729,14245.0,3.0,no_fire
390,0.648838,14572.087719,4.913043,no_fire
1532,0.580518,15017.0,5.0,fire
1269,0.137146,13878.2,5.0,no_fire
1101,0.557882,14028.323058,4.967494,no_fire
9,0.57501,15169.190476,4.809524,no_fire
916,0.461745,15119.828746,4.419355,no_fire
1451,0.613768,14605.674419,4.348837,no_fire
1199,0.630035,14497.511905,4.97619,no_fire
113,0.50683,14333.571429,4.785714,fire
1635,0.634164,14302.0,5.0,no_fire
557,0.643733,14652.808511,5.0,no_fire
704,0.620817,14430.5,3.0,no_fire
82,0.578655,13747.130435,4.339623,no_fire
1577,0.472659,15264.767581,4.990924,fire
1121,0.472741,14692.912821,4.948037,fire
1321,0.507238,14346.1,4.900489,no_fire
249,0.473636,15611.570513,4.661202,no_fire
1263,0.502517,14501.563433,5.061778,fire
1530,0.55267,14439.3,5.0,fire
66,0.57065,14793.56,5.0,no_fire
85,0.573026,14721.0,5.0,no_fire
530,0.631131,14356.333333,5.0,no_fire
92,0.629026,13911.0,4.880952,no_fire
303,0.676671,14385.711538,4.756592,no_fire
618,0.506683,15467.875,6.141791,fire
122,0.545559,14113.41989,4.62439,no_fire
1191,0.524486,14692.526316,4.365079,no_fire
1678,0.513121,15266.333333,3.571429,fire
796,0.559443,14559.0,3.0,no_fire
1178,0.619163,14816.0,4.0,no_fire
229,0.497435,14534.0,5.0,no_fire
17,0.502957,15302.0,5.0,no_fire
924,0.115211,13774.5,4.888889,no_fire
483,0.513785,14525.227273,3.637931,no_fire
52,0.638503,15075.075472,4.716981,no_fire
536,0.715045,14961.0,5.0,no_fire
1529,0.634391,14968.578313,4.489458,no_fire
1142,0.550893,15313.0,5.0,fire
632,0.512805,15091.684755,4.931485,no_fire
1212,0.485072,14430.375,4.627907,no_fire
1237,0.443782,14564.235294,4.514634,no_fire
1257,0.658705,14546.0,5.0,no_fire
871,0.549611,15222.814815,4.925926,no_fire
156,0.598009,14193.285714,4.775956,no_fire
1649,0.631009,14564.076923,4.915094,no_fire
159,0.495869,14564.540323,4.8125,no_fire
481,0.465956,14303.4,5.0,no_fire
378,0.452882,14432.54902,4.504878,fire
769,0.583466,14402.228571,4.764706,no_fire
708,0.479998,15225.982456,5.0,no_fire
278,0.534065,15143.074074,5.0,fire
1108,0.596391,14812.5,5.0,no_fire
946,0.509226,14811.0,5.0,fire
326,0.694617,14533.666667,5.0,no_fire
1123,0.550389,15044.785714,4.142857,fire
1315,0.611069,14687.481481,5.0,no_fire
1633,0.527236,15029.0,5.0,no_fire
706,0.636726,14418.644068,4.928571,no_fire
999,0.506221,14497.754902,4.869494,no_fire
1195,0.501196,14518.08,5.0,no_fire
688,0.544291,15154.0,5.0,no_fire
1166,0.622335,14758.0,5.0,no_fire
934,0.546094,14802.75,5.0,no_fire
1597,0.550893,15313.0,5.0,fire
784,0.622723,14553.333333,3.0,no_fire
1440,0.424597,14625.3,5.0,no_fire
962,0.725891,14188.5,3.5,no_fire
652,0.427011,14591.97037,4.681476,fire
1137,0.498477,14425.333333,5.0,no_fire
1230,0.643826,14802.164063,4.78125,no_fire
223,0.509767,14552.5,4.0,no_fire
838,0.607559,14998.068966,3.827586,no_fire
1399,0.689948,14166.5,5.0,no_fire
648,0.63684,14884.689453,4.746235,fire
943,0.687477,14561.0,3.0,no_fire
667,0.513625,14240.733333,4.880952,fire
858,0.555768,15100.226695,5.427966,fire
1341,0.087052,13137.0,3.944444,no_fire
825,0.522567,14776.5,4.428571,fire
141,0.556638,15272.5,5.0,no_fire
979,0.655361,14651.0,5.0,no_fire
1292,0.621308,14552.0,5.0,no_fire
1668,0.602135,14771.5,3.0,fire
1056,0.421562,15119.951378,4.706325,fire
1710,0.613,14751.5,3.0,fire
1349,0.48392,14784.233333,5.0,fire
479,0.546486,14343.0,5.0,no_fire
1281,0.516984,14396.75541,4.948614,no_fire
1088,0.69102,14221.5,3.0,no_fire
240,0.64596,14516.660714,5.309524,fire
4,0.568734,14743.0,5.0,no_fire
204,0.582378,14035.083333,4.444444,no_fire
446,0.65587,14562.0,3.5,no_fire
152,0.480501,14022.210526,4.761905,no_fire
1567,0.596812,14497.0,4.534884,no_fire
473,0.423182,14586.164706,4.476657,no_fire
219,0.512105,14005.0,4.0,no_fire
526,0.513233,14709.0,5.0,no_fire
393,0.598429,14689.0,4.538462,no_fire
1681,0.658292,14477.0,5.0,no_fire
744,0.629497,15187.888889,4.888889,no_fire
1652,0.60182,14358.0,3.0,no_fire
746,0.487941,14517.466667,5.0,no_fire
268,0.580538,14738.0,3.0,no_fire
31,0.43879,15208.230769,4.4,fire
649,0.624277,14047.5,5.0,no_fire
1527,0.60981,14607.892537,4.304348,no_fire
1086,0.60712,14926.0,5.0,no_fire
271,0.604216,14320.5,3.0,no_fire
1648,0.481193,13664.954545,4.470732,no_fire
1511,0.572598,14916.5,5.0,no_fire
1095,0.536712,14726.5,5.0,no_fire
1224,0.41878,14555.271845,4.894342,fire
716,0.58639,14123.0,3.0,no_fire
565,0.441666,15016.633333,5.0,no_fire
381,0.567387,15247.075472,4.811321,fire
904,0.608144,14449.3,4.904762,no_fire
1018,0.534582,13723.666667,4.070013,no_fire
89,0.611728,14915.0,5.0,fire
576,0.436657,14754.170213,4.857923,no_fire
587,0.50297,14742.009346,4.912698,no_fire
1245,0.609419,14643.170424,4.828229,fire
1247,0.64161,14523.330275,4.477064,no_fire
177,0.130482,13814.125,4.3125,no_fire
1305,0.52779,14182.2,4.6,no_fire
1679,0.469593,14603.627451,4.470968,fire
987,0.69312,14369.0,5.0,no_fire
817,0.650259,14521.5,7.0,fire
1561,0.43043,14829.530364,4.458065,fire
1051,0.449085,14678.428571,4.809524,no_fire
878,0.465339,14230.4,5.0,no_fire
937,0.69017,14395.0,4.117188,no_fire
1449,0.477123,14806.666667,5.0,no_fire
1290,0.657438,14587.5,5.0,no_fire
641,0.625647,15333.0,5.0,no_fire
814,0.485886,14291.666667,4.98892,fire
1301,0.546486,14343.0,5.0,no_fire
980,0.490122,15112.184211,5.0,fire
171,0.475246,14044.0,4.5,no_fire
1064,0.253472,13690.529851,4.955224,no_fire
270,0.494559,14739.763636,5.0,fire
227,0.668532,14543.0,5.0,no_fire
558,0.487963,14325.0,3.986949,no_fire
539,0.66514,14392.398438,4.796875,no_fire
1464,0.524378,14653.0,3.0,no_fire
1238,0.511289,14189.657143,4.613557,no_fire
522,0.626756,14812.0,3.0,no_fire
482,0.5931,14916.069565,4.318841,fire
443,0.624863,14628.849462,4.716867,no_fire
794,0.636432,14411.076923,4.478163,fire
192,0.495869,14564.540323,4.8125,no_fire
260,0.61157,14986.214286,4.285714,no_fire
593,0.608492,14729.5,3.0,no_fire
847,0.639806,14679.4,5.0,no_fire
853,0.569022,14886.634409,4.969574,fire
519,0.498599,14544.433333,4.33913,fire
308,0.563287,14281.918239,4.932079,no_fire
438,0.522769,13994.0,5.0,no_fire
789,0.475513,14598.671781,4.558084,fire
538,0.516076,13967.0,5.0,no_fire
1021,0.656426,14395.5,3.0,no_fire
360,0.60611,14689.0,5.0,no_fire
1361,0.52571,14454.838072,4.789261,no_fire
1412,0.565447,14048.330656,4.728916,no_fire
826,0.329875,14964.272727,5.0,no_fire
1177,0.479884,14958.0,5.0,no_fire
1569,0.446205,14479.0,4.478873,no_fire
776,0.644838,14237.727273,4.22973,fire
133,0.569022,14886.634409,4.969574,fire
202,0.515843,15075.113043,4.965217,no_fire
1573,0.552297,14831.331492,4.79235,no_fire
1432,0.510007,14693.925926,4.928571,no_fire
1467,0.619883,14769.5,4.428571,no_fire
1258,0.50405,14589.764706,4.611746,no_fire
685,0.697144,14791.0,5.0,no_fire
317,0.368507,14422.0,4.833333,no_fire
142,0.630026,14395.877193,4.548246,no_fire
1295,0.645005,14932.608696,4.971014,no_fire
913,0.444479,14365.4,4.904762,no_fire
1575,0.552624,14406.666667,3.0,fire
353,0.579506,14616.0,5.0,no_fire
315,0.632962,14306.222222,4.056314,no_fire
1497,0.491819,13948.584071,4.796814,no_fire
170,0.504636,14256.169811,4.084556,no_fire
1291,0.669149,14740.580282,4.367742,no_fire
1025,0.493649,14172.531915,4.526917,no_fire
811,0.598507,14834.025,4.348837,no_fire
1282,0.524506,14891.0,3.0,no_fire
1310,0.497477,14154.587805,4.663415,no_fire
1393,0.556073,14840.333333,3.666667,fire
22,0.44088,14745.964567,4.574194,fire
994,0.46824,14488.866667,4.947262,no_fire
45,0.425514,14507.0,5.0,no_fire
1705,0.579293,14831.531052,4.904876,no_fire
1115,0.478012,14893.970297,4.34633,no_fire
61,0.522106,14369.0,4.888889,fire
879,0.624163,14917.0,5.0,no_fire
1471,0.550225,14209.6875,4.627907,no_fire
319,0.622246,14888.209302,4.395349,no_fire
1050,0.470202,14782.0,5.0,no_fire
1712,0.549497,14269.777778,5.0,fire
1047,0.590097,14968.482456,4.77193,no_fire
425,0.600617,14891.5,5.0,fire
1200,0.516284,14349.0,4.606557,no_fire
670,0.617843,14723.4,4.6,no_fire
465,0.734616,14596.0,5.0,no_fire
1446,0.397542,14830.153846,4.901408,fire
27,0.634834,14690.597101,4.298551,no_fire
501,0.641675,15005.0,5.0,no_fire
1276,0.395032,14148.0,4.0,no_fire
289,0.628137,14394.090909,4.142202,no_fire
1203,0.633343,14154.888889,5.0,no_fire
452,0.480916,14909.0,3.637931,fire
1468,0.499378,14412.651515,5.0,no_fire
679,0.523643,14952.714286,4.817073,fire
210,0.63856,14656.0,5.0,no_fire
942,0.494709,14878.0,5.0,no_fire
1674,0.683897,14844.0,5.0,no_fire
1643,0.552902,14409.921053,5.0,no_fire
723,0.429191,15001.746914,4.643072,fire
1344,0.673325,14567.833333,4.444444,no_fire
783,0.507127,14891.344828,3.758621,no_fire
620,0.470155,15030.0,5.0,no_fire
1618,0.69807,14116.5,5.0,no_fire
2,0.682284,14780.0,5.0,fire
1551,0.468736,14995.133333,4.698113,no_fire
1453,0.665191,14961.0,5.0,no_fire
1398,0.531821,15230.833333,5.0,no_fire
1431,0.598852,14008.641026,4.647059,no_fire
461,0.55408,14761.666667,4.962963,no_fire
689,0.518813,14783.811321,4.886792,no_fire
211,0.319861,14118.333333,3.875,no_fire
1026,0.616107,14387.5,5.0,no_fire
427,0.635206,14414.0,4.690512,fire
1487,0.51038,13810.333333,4.0,no_fire
1275,0.601725,14856.181818,5.0,no_fire
568,0.617811,14806.868852,4.912568,fire
761,0.634132,14421.945946,4.716981,no_fire
434,0.671326,14726.676056,4.971831,no_fire
1190,0.644146,13736.181818,4.955375,no_fire
997,0.657366,14645.75,4.964286,no_fire
840,0.577146,14553.5,4.0,no_fire
96,0.500597,14772.208333,5.0,no_fire
178,0.587878,14564.0,5.0,no_fire
108,0.570747,14504.412863,4.235414,no_fire
965,0.520774,13955.0,5.0,no_fire
1109,0.630937,14534.51443,4.663173,no_fire
1298,0.501975,14791.0,5.0,no_fire
512,0.586448,13891.650602,4.97619,no_fire
1494,0.640565,14594.086957,5.0,no_fire
1,0.52215,14655.833333,5.0,no_fire
914,0.58501,14408.606061,4.674419,no_fire
414,0.174045,13779.169014,4.676056,no_fire
1415,0.640735,15013.076923,4.846154,no_fire
1482,0.465678,14964.315789,4.811634,no_fire
48,0.482204,15368.726415,4.716981,fire
958,0.584666,14391.0,5.0,fire
1236,0.665907,14616.0,5.0,no_fire
745,0.547747,14922.0,5.0,no_fire
711,0.625392,14394.0,3.5,no_fire
1612,0.424588,14379.0,5.0,no_fire
516,0.466677,14517.076923,4.235495,fire
616,0.691341,14957.0,5.0,no_fire
517,0.4275,14882.0,5.0,no_fire
1262,0.567012,14602.0,3.0,no_fire
867,0.619074,14399.0,3.0,no_fire
231,0.699087,13987.011494,4.429363,no_fire
760,0.588391,14539.0,3.0,no_fire
985,0.472907,15389.722649,4.916339,fire
1324,0.491819,13948.584071,4.796814,no_fire
77,0.636119,14871.0,5.0,no_fire
475,0.640377,14457.5,4.698113,no_fire
215,0.484558,14191.875,4.179299,no_fire
1484,0.731455,14306.15942,4.490323,no_fire
771,0.50354,14580.3125,4.804688,fire
1274,0.60712,14926.0,5.0,no_fire
354,0.652994,15077.5,5.0,no_fire
55,0.472832,14345.0,5.0,no_fire
1538,0.620742,14531.25,5.0,no_fire
686,0.564743,14758.0,5.0,no_fire
725,0.504111,14087.555556,4.172414,no_fire
609,0.63473,14738.5,3.0,no_fire
279,0.487356,14949.315789,5.0,fire
1559,0.626413,14713.0,3.0,no_fire
1547,0.620853,14903.0,5.0,no_fire
224,0.431869,14617.725225,4.486446,no_fire
302,0.550011,15079.026316,5.0,fire
996,0.501604,14817.6875,4.375,no_fire
218,0.695231,14274.5,5.0,no_fire
436,0.439677,14765.448276,5.0,fire
1213,0.53076,14505.0,4.933333,no_fire
957,0.470658,14887.444444,4.95614,fire
1149,0.586548,13800.5,3.0,no_fire
863,0.562096,15199.886957,4.385507,fire
1189,0.519254,14615.92,5.0,no_fire
372,0.583612,14574.0,5.0,no_fire
295,0.507274,14241.182927,4.886957,no_fire
364,0.621461,14393.0,5.0,no_fire
728,0.65963,14918.0,5.0,no_fire
1450,0.518275,14296.0,4.0,no_fire
546,0.54554,14486.0,5.0,no_fire
1422,0.538924,14437.0,5.0,no_fire
402,0.424902,14812.0,4.93617,fire
927,0.538288,14199.5,4.6,no_fire
333,0.441966,15467.628355,4.902481,fire
529,0.626348,14063.12,5.0,no_fire
993,0.571627,14413.511409,4.915169,no_fire
399,0.660444,14550.375,4.615385,no_fire
828,0.41455,14174.875,4.5,no_fire
808,0.504656,14234.0,4.478261,no_fire
1651,0.650831,14770.0,5.0,no_fire
891,0.202542,13862.5,5.0,no_fire
563,0.601603,14788.5,3.0,no_fire
1596,0.35913,15518.5,6.727273,fire
672,0.608402,14199.0,3.666667,no_fire
1619,0.578275,14597.5,5.0,no_fire
570,0.600742,14700.0,3.0,fire
1246,0.499511,15001.666667,5.0,no_fire
1217,0.654341,14737.5,5.0,no_fire
579,0.529811,14861.067416,4.947826,no_fire
362,0.536492,14626.0,3.0,no_fire
1002,0.030735,13799.777778,4.888889,no_fire
458,0.556669,14858.173828,4.875347,no_fire
844,0.480901,14937.705882,5.0,fire
810,0.559031,14215.0,5.0,no_fire
549,0.58915,14143.5,4.888889,no_fire
597,0.663364,15017.111111,4.444444,no_fire
1644,0.585933,14323.0,3.0,no_fire
276,0.506841,14545.125,4.763458,no_fire
651,0.623532,14266.0,3.0,no_fire
184,0.618764,14971.777778,4.333333,no_fire
1151,0.500087,15088.579365,4.637681,fire
1256,0.516805,14544.911765,5.0,fire
896,0.639409,14601.0,5.0,no_fire
1588,0.584296,14501.666667,4.428571,no_fire
1136,0.509491,14912.790698,5.178049,fire
1558,0.57405,14341.0,5.0,fire
376,0.449513,15000.4,5.0,no_fire
1353,0.509227,14788.571429,4.934747,no_fire
923,0.52571,14454.838072,4.789261,no_fire
1268,0.409487,14986.907895,4.970339,no_fire
1587,0.508101,14543.0,4.928571,fire
567,0.4751,14361.0,5.0,no_fire
42,0.688404,14835.0,5.0,no_fire
1265,0.52779,14182.2,4.6,no_fire
1029,0.699442,14673.0,5.0,no_fire
895,0.736499,14804.0,5.0,no_fire
1403,0.515757,15304.43773,5.131377,fire
1631,0.709688,14407.5,3.0,no_fire
1285,0.607967,14394.0,4.0,fire
198,0.469593,14603.627451,4.470968,fire
309,0.680796,14908.8,5.142857,fire
829,0.541603,14482.285714,4.463768,no_fire
520,0.662241,14018.806452,4.804688,no_fire
1267,0.562626,14890.333333,3.0,no_fire
575,0.585315,15105.555556,4.555556,fire
1326,0.471562,14542.257557,4.935173,no_fire
1492,0.591245,14661.5,5.0,no_fire
655,0.619163,14816.0,4.0,no_fire
582,0.731072,14434.0,4.0,no_fire
420,0.483524,14703.447917,4.98783,fire
726,0.630556,13929.758065,4.891892,no_fire
535,0.630227,14815.555556,4.555556,no_fire
140,0.428883,14715.275,4.902542,no_fire
944,0.493649,14172.531915,4.526917,no_fire
831,0.587078,14726.386792,4.735849,no_fire
785,0.657366,14645.75,4.964286,no_fire
1489,0.644146,13736.181818,4.955375,no_fire
1708,0.621721,14406.0,5.0,no_fire
1695,0.585481,14526.9,4.2,no_fire
258,0.539537,14745.0,3.0,no_fire
907,0.635198,14647.0,5.0,no_fire
901,0.652463,15005.0,5.0,no_fire
861,0.538249,14531.56,5.0,no_fire
114,0.591742,14234.694444,4.947034,no_fire
241,0.587937,14218.0,5.0,no_fire
330,0.560194,14659.0,4.0,no_fire
1704,0.488384,14947.833333,4.666667,no_fire
56,0.717785,15054.0,5.0,no_fire
1183,0.60577,14505.0,4.761905,no_fire
411,0.453973,14853.0,5.0,no_fire
435,0.580911,15018.568627,4.686275,no_fire
1659,0.471562,14542.257557,4.935173,no_fire
1351,0.605401,14846.0,5.0,no_fire
1228,0.575046,14442.78,4.862745,no_fire
1439,0.497411,14970.0,4.982609,fire
1169,0.668928,14298.0,3.0,no_fire
29,0.525014,14660.0,3.0,no_fire
35,0.656264,14546.0,5.0,no_fire
1211,0.431734,14142.7,4.433486,no_fire
422,0.534588,15085.735294,5.0,no_fire
1374,0.443236,14502.892857,4.859155,no_fire
1552,0.500885,15299.642857,3.428571,fire
1444,0.577605,14008.410959,4.56422,no_fire
1124,0.578036,15143.333333,5.0,fire
1083,0.477852,15155.966667,5.0,no_fire
1222,0.552686,14455.888889,5.0,fire
524,0.427322,13799.91453,4.982906,no_fire
1428,0.608109,14914.0,5.0,no_fire
1052,0.627486,14707.5,3.0,fire
984,0.608168,14801.078947,5.0,no_fire
740,0.533474,14778.5,5.0,no_fire
1087,0.372764,14012.0,4.583333,no_fire
1433,0.590911,14496.963145,4.521951,no_fire
792,0.619918,14436.632075,4.735849,no_fire
1100,0.511337,14288.0,5.0,no_fire
574,0.631937,14818.737973,4.542922,fire
674,0.448412,14489.583789,4.981524,no_fire
678,0.624118,15088.647887,4.915493,no_fire
548,0.616579,14952.0,5.0,fire
1425,0.107733,13529.0,4.0,no_fire
494,0.576319,14402.818182,5.0,no_fire
1032,0.14337,13760.666667,4.888889,no_fire
431,0.682284,14780.0,5.0,fire
733,0.515754,14163.603143,4.763458,no_fire
1165,0.4779,14961.612903,4.802817,no_fire
1089,0.674814,14831.5,5.0,no_fire
1479,0.589115,14747.736842,5.0,no_fire
969,0.586352,14801.582734,4.333333,no_fire
40,0.546875,14584.162791,4.348837,no_fire
1227,0.558637,14600.15,4.79235,no_fire
75,0.62055,14666.290323,4.651163,no_fire
995,0.444479,14365.4,4.904762,no_fire
933,0.518494,14522.16,5.0,no_fire
247,0.469879,15014.807487,4.559727,fire
813,0.557821,14724.977528,4.722222,no_fire
781,0.656282,14294.241379,4.837838,fire
737,0.585481,14526.9,4.2,no_fire
186,0.50801,15308.882353,6.380952,fire
1572,0.524472,14513.0,5.0,no_fire
312,0.473573,14721.0,4.5,fire
8,0.696477,14658.0,3.0,no_fire
1218,0.441318,15142.935053,4.943713,fire
955,0.61491,14821.666667,3.0,no_fire
935,0.549627,14390.5,4.0,no_fire
1091,0.397542,14830.153846,4.901408,fire
1255,0.753615,15078.0,5.0,no_fire
795,0.496884,15114.0,5.0,no_fire
1214,0.604867,14608.8,5.0,no_fire
921,0.696446,14426.0,5.0,no_fire
898,0.550642,14548.0,3.714286,no_fire
445,0.48652,14438.944444,4.833333,no_fire
1170,0.517031,14526.464286,4.97619,no_fire
464,0.598544,14884.5,5.0,no_fire
1372,0.576785,14763.647887,4.971831,fire
195,0.566751,14277.0,4.0,no_fire
615,0.52418,14666.0,5.0,no_fire
1666,0.664733,15087.833333,5.5,fire
1337,0.464733,14153.466667,5.0,no_fire
1005,0.649476,15015.5,5.0,no_fire
752,0.588011,14811.842105,3.655172,fire
1621,0.433276,15029.833333,5.0,no_fire
243,0.537944,13997.0,3.0,no_fire
401,0.428941,14417.533333,4.431193,no_fire
911,0.644606,14545.0,5.0,no_fire
720,0.510489,14252.125,4.086207,no_fire
1382,0.730084,14873.5,5.0,no_fire
881,0.478485,14373.946809,4.906467,fire
477,0.697041,14259.0,4.888889,no_fire
1548,0.542951,15102.5,4.0,no_fire
1627,0.491913,14949.3,5.0,no_fire
1105,0.56855,14367.0,4.896186,no_fire
1396,0.507465,14593.064516,4.97619,fire
285,0.588443,14224.188406,4.556604,no_fire
471,0.485756,14126.0,4.59434,no_fire
801,0.570595,14718.142857,4.666667,no_fire
905,0.499582,14554.0,4.852459,no_fire
1692,0.445512,14502.0,5.0,no_fire
692,0.600663,15006.0,5.0,no_fire
1629,0.468032,14606.5,4.741228,fire
1307,0.605396,14892.435461,4.830189,fire
1632,0.452272,14623.825726,4.487083,fire
1480,0.569935,14842.5,5.0,fire
1594,0.566181,14328.5,4.809524,no_fire
426,0.467766,14807.933333,4.894098,fire
1375,0.530505,14344.0,4.0,no_fire
1533,0.52424,15225.617647,5.0,no_fire
162,0.622892,14112.232558,4.985507,no_fire
1454,0.550787,15414.148148,5.0,no_fire
793,0.552122,14442.439093,4.223004,no_fire
1495,0.698979,14582.0,3.0,no_fire
1261,0.431869,14617.725225,4.486446,no_fire
1049,0.435307,14361.333333,4.174194,fire
1650,0.502425,14728.631579,5.0,no_fire
194,0.550884,14737.810811,4.972973,no_fire
474,0.456703,14881.116,4.6,no_fire
1504,0.541733,13932.0,3.0,fire
569,0.365765,14669.617978,4.497113,fire
1706,0.486338,14325.0,5.0,no_fire
49,0.563287,14673.490196,4.882353,no_fire
1161,0.515752,14844.552632,4.894981,fire
644,0.688382,14835.0,3.5,fire
938,0.641024,14595.082192,4.72973,fire
1541,0.544892,14586.0,5.0,no_fire
762,0.532569,15049.470588,5.0,fire
1058,0.326281,15144.818182,5.0,no_fire
799,0.583939,14882.888889,4.971014,no_fire
1590,0.657771,14413.0,5.0,no_fire
44,0.638939,14668.5,5.0,fire
1408,0.552297,14831.331492,4.79235,no_fire
245,0.665819,14310.0,4.824324,fire
1303,0.432677,13877.0,3.901376,no_fire
300,0.669915,14827.103448,5.0,no_fire
583,0.513625,14240.733333,4.880952,fire
731,0.503515,14834.052632,3.724138,fire
269,0.579751,14973.209746,4.963983,fire
668,0.659369,13980.38843,4.960938,no_fire
313,0.515435,14607.215385,4.507937,fire
1145,0.725633,14300.611111,4.580645,no_fire
283,0.556998,14530.75,5.0,no_fire
1187,0.512805,15091.684755,4.931485,no_fire
540,0.431869,14617.725225,4.486446,no_fire
406,0.536685,14660.111111,4.830189,no_fire
338,0.525051,15011.69697,4.302326,fire
466,0.6601,14500.5,4.0,no_fire
363,0.676258,14725.5,4.888889,no_fire
724,0.470658,14887.444444,4.95614,fire
320,0.499069,15007.0,5.0,no_fire
1322,0.509491,14912.790698,5.178049,fire
1179,0.547258,15142.407407,5.0,fire
70,0.628291,14918.688679,4.764151,no_fire
1073,0.620987,14416.5,5.0,no_fire
500,0.478502,14614.36,5.0,no_fire
10,0.433218,14721.127854,4.433486,no_fire
992,0.503975,14660.12,5.0,no_fire
505,0.56985,13914.0,4.395349,no_fire
1202,0.728544,14678.708824,4.432258,no_fire
1320,0.75623,14591.5,5.0,fire
1508,0.498083,13872.5,4.5,no_fire
64,0.521693,15138.235294,5.0,no_fire
892,0.6148,14043.357143,3.551724,no_fire
1174,0.562145,14954.376068,4.982906,no_fire
1626,0.637879,14872.584906,4.830189,no_fire
416,0.574245,15030.5,5.0,no_fire
983,0.624578,14618.0,5.0,no_fire
713,0.574426,14476.5,5.0,fire
205,0.606958,14498.0,5.0,no_fire
328,0.548235,14757.8,5.0,no_fire
486,0.530114,15221.097884,5.178899,no_fire
1571,0.387062,14770.529586,4.655873,fire
1448,0.611117,13744.705882,4.837838,no_fire
1042,0.628138,14900.0,5.0,no_fire
528,0.575863,13994.815217,4.830189,no_fire
1642,0.528982,14565.0,3.0,fire
656,0.655475,14684.055556,5.0,no_fire
418,0.572342,15251.0,9.0,fire
757,0.447169,14401.533333,4.901408,no_fire
1362,0.40161,15224.833333,5.0,no_fire
1062,0.692408,14786.27381,4.928571,fire
590,0.642466,14158.0,5.0,fire
722,0.657366,14645.75,4.964286,no_fire
1013,0.620955,14747.957746,4.414396,no_fire
472,0.565173,14262.6,5.0,no_fire
1388,0.62475,14895.0,5.0,no_fire
131,0.530633,14800.902439,4.746032,no_fire
15,0.339097,14159.75,5.0,no_fire
439,0.57268,15120.6875,3.875,no_fire
1611,0.556541,14573.0,3.0,no_fire
476,0.48459,14717.903226,5.0,fire
1248,0.532227,14935.0,5.0,no_fire
1096,0.69813,13965.386364,4.525355,no_fire
1235,0.571781,14441.333333,3.0,no_fire
1061,0.505589,14328.727273,5.0,no_fire
693,0.567611,14761.4,5.0,no_fire
1436,0.565181,14474.0,3.0,no_fire
1127,0.51984,14724.452381,4.97619,no_fire
703,0.590484,14159.333333,5.0,no_fire
103,0.503555,15338.565217,4.982609,no_fire
1220,0.342016,14495.146341,4.972286,fire
60,0.596961,14509.0,5.0,no_fire
1181,0.623447,14749.29,4.773585,no_fire
78,0.571949,15281.857143,4.802817,fire
391,0.614932,14462.0,5.0,no_fire
165,0.600585,14482.0,4.2,no_fire
1157,0.598544,14884.5,5.0,no_fire
1015,0.482647,14651.736842,7.341935,fire
1182,0.521347,15031.809302,4.945727,no_fire
1122,0.511655,14475.68,5.0,no_fire
1038,0.506066,15166.0,5.0,no_fire
349,0.559439,14873.0,5.0,no_fire
185,0.515752,14844.552632,4.894981,fire
1360,0.555819,14777.6,4.868852,no_fire
371,0.558044,14969.666667,4.886792,fire
117,0.636726,14418.644068,4.928571,no_fire
893,0.615463,14582.209302,4.72093,no_fire
252,0.605861,14479.7,5.0,no_fire
507,0.57627,14959.053908,4.421384,fire
1700,0.481193,13664.954545,4.470732,no_fire
311,0.560223,15202.421053,5.0,no_fire
717,0.515248,14297.666667,5.0,no_fire
883,0.603479,13938.090909,4.928571,no_fire
395,0.538794,14166.0,5.0,no_fire
1000,0.461761,14928.8,5.0,no_fire
695,0.559342,14690.133333,4.625,fire
358,0.662968,14757.0,3.0,no_fire
1335,0.707864,14756.0,4.0,no_fire
263,0.586352,14801.582734,4.333333,no_fire
359,0.43433,14755.807018,4.859155,no_fire
1620,0.713802,14704.5,4.0,no_fire
1197,0.5725,14761.0,5.0,no_fire
1586,0.668152,14629.0,5.0,no_fire
1683,0.076933,14008.8,5.0,no_fire
970,0.611207,14372.177083,4.984431,fire
634,0.541603,14482.285714,4.463768,no_fire
1636,0.657085,14487.0,5.0,no_fire
1409,0.693615,15036.0,5.0,no_fire
16,0.569658,14462.0,3.0,fire
51,0.602972,14809.315789,5.0,no_fire
1602,0.545298,14668.430678,4.571014,no_fire
493,0.421794,14460.857143,5.0,no_fire
601,0.514803,14151.248619,4.471132,no_fire
1638,0.681851,15144.0,5.0,fire
351,0.442329,14277.481481,5.0,no_fire
1570,0.6517,14480.0,5.0,no_fire
1690,0.645652,14894.0,5.0,no_fire
1566,0.661351,14610.0,5.0,no_fire
986,0.477828,14571.5,5.0,no_fire
1452,0.493361,14665.76,5.0,no_fire
97,0.593139,14617.833333,5.0,no_fire
1500,0.45781,14920.185233,4.960739,no_fire
1266,0.493649,14172.531915,4.526917,no_fire
1498,0.734367,14699.402817,4.393548,no_fire
196,0.58807,14237.589552,4.313253,no_fire
1325,0.636867,14363.0,5.0,no_fire
183,0.624118,15088.647887,4.915493,no_fire
1509,0.495896,14576.0,5.0,no_fire
1665,0.485337,14364.0,4.72549,fire
613,0.581743,14696.0,3.0,no_fire
1229,0.608144,14449.3,4.904762,no_fire
1054,0.60176,15549.24,5.774648,fire
682,0.585081,14543.4,4.2,no_fire
533,0.454228,14929.571429,4.904762,fire
610,0.561629,14670.5,5.0,fire
687,0.468836,14594.487805,4.921875,no_fire
977,0.597083,14427.5,3.0,no_fire
81,0.633808,14690.883495,4.868421,no_fire
981,0.589313,14193.333333,3.0,no_fire
397,0.699433,14652.722543,4.535484,no_fire
267,0.560765,14380.617647,5.0,no_fire
589,0.512949,14030.961039,4.295269,no_fire
386,0.596937,14722.0,3.666667,no_fire
930,0.737729,14895.0,5.0,no_fire
1491,0.487793,15003.571429,5.0,fire
132,0.517031,14526.464286,4.97619,no_fire
265,0.667998,14198.166667,4.927536,no_fire
1036,0.500087,15088.579365,4.637681,fire
1458,0.381003,13928.125,5.0,no_fire
1404,0.694957,14463.0,5.0,no_fire
88,0.474726,14694.593974,4.872979,fire
1294,0.641129,14329.5,3.0,no_fire
38,0.675575,15033.5,5.0,no_fire
818,0.3435,14865.333333,5.0,no_fire
676,0.385054,14448.916667,4.956522,fire
1001,0.696458,14627.3,5.0,no_fire
629,0.476217,15157.210117,4.895536,fire
1327,0.557217,14244.404762,4.72093,no_fire
1617,0.642346,13764.557692,4.94929,no_fire
294,0.50015,14200.0,4.0,no_fire
261,0.543776,15174.352564,5.144068,fire
1389,0.693025,14842.5,5.0,no_fire
1333,0.510788,15009.966667,5.0,no_fire
1416,0.592378,15059.0,5.0,fire
1662,0.575488,14511.666667,5.0,no_fire
405,0.631953,14908.374563,4.44095,no_fire
1703,0.625877,14135.909091,5.0,no_fire
356,0.478435,14227.0,5.0,no_fire
608,0.514508,14708.0,4.0,no_fire
1146,0.474243,14971.801653,4.789063,no_fire
239,0.602914,14921.0,5.0,no_fire
1128,0.467017,14498.4,5.0,fire
1367,0.618903,14724.75,3.857143,no_fire
1709,0.709715,14330.4,4.851852,no_fire
119,0.587625,14881.3,3.8,no_fire
1280,0.554767,14725.447368,5.0,no_fire
1045,0.690886,14389.330709,4.612903,no_fire
1584,0.428322,14359.192308,4.609756,no_fire
751,0.502366,14412.5,4.644809,no_fire
374,0.605563,14296.256757,4.891892,no_fire
453,0.673747,14453.782609,4.971014,no_fire
110,0.401609,13863.318182,4.583333,no_fire
1401,0.611785,14742.648352,4.704918,fire
1463,0.397402,14310.875,4.495122,no_fire
906,0.531782,14622.5,5.0,no_fire
1347,0.631031,14994.0,5.0,no_fire
503,0.446279,15151.963746,4.859233,fire
862,0.532194,14633.0,3.0,no_fire
1254,0.594405,14811.826471,4.5,no_fire
1132,0.633838,13700.264151,5.0,no_fire
729,0.594617,14943.0,4.0,no_fire
410,0.523611,15020.673716,4.565217,fire
1608,0.519061,14218.0,4.748634,no_fire
367,0.510788,15009.966667,5.0,no_fire
805,0.490843,14675.789474,5.0,no_fire
1694,0.578655,13747.130435,4.339623,no_fire
384,0.582539,14317.8,4.84507,no_fire
200,0.537299,14793.117647,5.0,no_fire
936,0.616834,14865.0,5.0,no_fire
65,0.58055,15107.5,5.0,no_fire
1426,0.655175,14376.5,5.0,no_fire
1034,0.620742,14531.25,5.0,no_fire
1069,0.506406,14661.91453,4.965812,no_fire
272,0.3843,14682.0,4.816901,fire
1493,0.455108,14685.666667,5.0,no_fire
382,0.464813,15457.652174,4.965217,no_fire
677,0.536148,14558.0,5.0,no_fire
238,0.442523,14678.7,4.607843,no_fire
1186,0.6587,14448.493506,4.112385,fire
1542,0.375129,14974.985507,5.0,fire
541,0.540635,14717.625,4.142857,fire
478,0.695167,14588.75,5.0,no_fire
1084,0.564334,13927.333333,4.846154,no_fire
1323,0.61245,14685.0,5.0,fire
1544,0.385044,15158.730769,4.746479,fire
1369,0.367357,14564.375,4.5,no_fire
1391,0.667647,15085.0,5.0,no_fire
188,0.616006,14610.0,5.0,no_fire
1286,0.624238,14729.0,5.0,no_fire
681,0.329875,14964.272727,5.0,no_fire
991,0.606868,14337.5,5.0,no_fire
1517,0.627471,14745.637931,3.724138,no_fire
1519,0.499673,14500.608295,4.489396,no_fire
316,0.550884,14737.810811,4.972973,no_fire
214,0.515455,14593.76,5.0,no_fire
1126,0.615228,14650.705357,4.661202,fire
1582,0.558816,14980.666667,3.666667,no_fire
1148,0.552452,14493.333333,5.0,fire
874,0.677933,14938.0,5.0,no_fire
660,0.484724,14849.421053,5.0,no_fire
1702,0.624665,14782.714286,3.571429,no_fire
531,0.548776,14734.843137,4.947826,no_fire
255,0.696477,14658.0,3.0,no_fire
30,0.575182,14763.5,4.676056,fire
662,0.508305,14775.583333,4.583333,no_fire
1311,0.641013,14663.0,5.0,no_fire
230,0.515075,14712.0,3.5,no_fire
157,0.713342,14848.0,5.0,no_fire
1410,0.608402,14199.0,3.666667,no_fire
385,0.541174,13813.5,3.0,no_fire
1147,0.494559,14739.763636,5.0,fire
380,0.663091,14984.0,4.777778,no_fire
1242,0.519018,14631.90944,4.963327,no_fire
721,0.476959,14054.333333,4.625,no_fire
864,0.634244,14014.125,4.985801,no_fire
264,0.464733,14729.068323,4.99169,no_fire
875,0.592094,14934.0,5.0,fire
787,0.533279,13714.0,3.7,no_fire
101,0.66026,14464.444444,4.888889,no_fire
13,0.608305,14512.5,4.0,no_fire
1332,0.652925,14820.0,5.0,no_fire
68,0.586997,13920.0,5.0,no_fire
1070,0.67366,14755.0,5.0,fire
1164,0.462504,14656.7,5.0,no_fire
1210,0.533645,15090.857143,5.0,no_fire
877,0.523354,14681.0,4.0,no_fire
71,0.63684,14884.689453,4.746235,fire
1663,0.499848,15075.0,5.0,no_fire
1691,0.695167,14588.75,5.0,no_fire
566,0.554327,14594.6,4.704225,no_fire
1443,0.630598,14251.428571,4.925926,no_fire
1074,0.41878,14555.271845,4.894342,fire
798,0.475246,14044.0,4.5,no_fire
846,0.4765,15171.25,4.0,no_fire
523,0.434481,14581.593074,4.355505,no_fire
626,0.464954,14635.339623,4.811321,no_fire
495,0.571093,14798.5,4.75,no_fire
1024,0.582378,14035.083333,4.444444,no_fire
155,0.585781,15043.333333,5.0,no_fire
971,0.470343,14916.108108,4.961219,fire
758,0.540663,13749.0,4.273171,no_fire
1520,0.652113,14679.98338,5.0,no_fire
866,0.472933,14929.75,4.0,fire
790,0.661154,14460.736842,4.945313,no_fire
1465,0.531785,14597.126506,5.127119,fire
1288,0.613276,15134.666667,5.0,no_fire
366,0.426519,14228.285714,5.0,no_fire
1379,0.498946,14904.25,4.0,no_fire
1614,0.660798,14348.0,3.0,no_fire
953,0.450221,13218.0,4.765012,no_fire
839,0.446716,14437.0,5.0,no_fire
228,0.583612,14574.0,5.0,no_fire
912,0.624578,14618.0,5.0,no_fire
900,0.643506,14545.5,5.0,no_fire
417,0.632868,14532.193548,4.914894,no_fire
206,0.556868,15032.6,4.0,fire
742,0.592957,14621.8,4.375,no_fire
79,0.614769,14990.627907,4.627907,fire
190,0.669458,14507.847495,4.508532,no_fire
492,0.625488,14941.214286,4.428571,no_fire
521,0.544498,14395.5,5.0,no_fire
1076,0.467505,14749.933333,4.944598,fire
145,0.377639,14708.294118,4.944573,fire
1010,0.640378,14459.98827,4.321739,no_fire
1380,0.514508,14708.0,4.0,no_fire
318,0.520871,14766.166667,5.0,no_fire
824,0.486634,14536.875,4.333333,no_fire
1477,0.664314,14833.0,3.0,fire
1506,0.543825,14581.0625,4.0,no_fire
1168,0.499933,14636.0,4.849057,fire
596,0.602715,14795.0,5.0,no_fire
457,0.569658,14462.0,3.0,fire
880,0.582846,14551.045455,4.837838,no_fire
144,0.659175,14589.0,5.0,no_fire
1427,0.512581,14968.461538,6.605263,fire
1543,0.509763,14835.923077,4.982906,no_fire
1093,0.62989,14486.0,5.0,no_fire
764,0.723267,14824.0,5.0,no_fire
842,0.607123,14076.0,4.222222,no_fire
1193,0.5132,13810.682371,4.310057,no_fire
1661,0.483698,14180.360656,4.944535,no_fire
1057,0.67262,14486.846154,4.546875,no_fire
989,0.641129,14329.5,3.0,no_fire
592,0.546154,14559.330435,4.965217,no_fire
1537,0.453973,14853.0,5.0,no_fire
135,0.391421,14094.0,5.0,no_fire
1264,0.456283,15436.750408,4.959217,fire
83,0.424832,14983.887097,4.498494,fire
1110,0.596198,14438.666667,3.8,no_fire
154,0.503497,14415.417391,5.0,no_fire
1194,0.611903,15032.0,5.0,no_fire
1343,0.545497,15231.770492,4.759563,fire
773,0.538456,15011.481848,4.295652,no_fire
484,0.618064,14122.25,4.914894,no_fire
127,0.60056,14897.740741,4.413793,fire
1357,0.631937,14818.737973,4.542922,fire
1277,0.608109,14914.0,5.0,no_fire
1135,0.505069,15001.679513,5.006085,fire
403,0.708939,14153.0,5.0,no_fire
150,0.656264,14546.0,5.0,no_fire
346,0.441966,15467.628355,4.902481,fire
413,0.512178,14624.447368,5.0,no_fire
1366,0.575399,15003.071429,3.571429,no_fire
1675,0.482816,15065.75,5.0,no_fire
1522,0.550215,14841.0,5.0,no_fire
394,0.607632,14791.306589,4.935843,fire
62,0.602314,14659.934426,4.879781,no_fire
1319,0.571915,15019.661765,5.094595,no_fire
208,0.538456,15011.481848,4.295652,no_fire
496,0.567085,14541.0,5.0,no_fire
352,0.473319,14680.9,4.808511,no_fire
95,0.490881,15115.666667,4.5,no_fire
625,0.614471,13611.0,4.921053,no_fire
571,0.474517,14646.5,5.0,no_fire
37,0.588483,14772.218884,5.025424,no_fire
485,0.634633,14923.607143,4.97619,no_fire
959,0.661367,14402.0,5.0,no_fire
143,0.580193,14575.0,5.0,no_fire
1031,0.572166,14040.240741,4.103448,no_fire
158,0.605086,14091.5,3.0,no_fire
1568,0.666319,14655.0,5.0,no_fire
552,0.613795,14608.073171,4.513514,fire
1610,0.567204,14493.333333,3.666667,no_fire
1192,0.62055,14750.111111,3.857143,no_fire
518,0.538733,14259.0,5.0,no_fire
1234,0.429273,14498.666667,5.0,no_fire
1044,0.644606,14545.0,5.0,no_fire
236,0.63523,14740.0,3.0,no_fire
1150,0.547465,14678.212121,5.0,no_fire
222,0.631085,14880.0,5.0,fire
1507,0.695167,14588.75,5.0,no_fire
345,0.559342,14690.133333,4.625,fire
1330,0.645005,14932.608696,4.971014,no_fire
120,0.683897,14844.0,5.0,no_fire
661,0.673325,14567.833333,4.444444,no_fire
588,0.703983,14867.932806,4.926978,no_fire
1711,0.614471,13611.0,4.921053,no_fire
332,0.10731,13792.2,5.0,no_fire
1505,0.577552,14541.0,5.0,no_fire
193,0.579521,15032.134328,4.983051,no_fire
235,0.483698,14180.360656,4.944535,no_fire
181,0.698006,14874.0,3.0,fire
1385,0.556981,15047.017241,4.413793,fire
389,0.681533,14933.0,5.0,no_fire
968,0.612828,14693.944444,4.555556,no_fire
1701,0.63473,14738.5,3.0,no_fire
669,0.50354,14580.3125,4.804688,fire
1209,0.626311,14865.615385,4.0,no_fire
1592,0.675575,15033.5,5.0,no_fire
331,0.536222,14807.0,3.0,no_fire
614,0.569896,14236.470588,4.823529,no_fire
1030,0.542693,14321.15625,4.843137,no_fire
266,0.529811,14861.067416,4.947826,no_fire
1664,0.443288,13730.0,4.057737,no_fire
545,0.657081,15186.0,5.0,no_fire
1623,0.464391,14978.07767,4.825137,no_fire
105,0.591912,14903.0,4.0,no_fire
1244,0.646075,13921.357143,4.440443,no_fire
1655,0.413545,14642.646018,4.808743,no_fire
630,0.471895,14105.2,4.028398,no_fire
683,0.472904,14887.115385,4.926978,no_fire
20,0.6191,14285.0,5.0,no_fire
870,0.506048,14642.5,5.0,no_fire
242,0.685834,13836.9,4.99169,no_fire
50,0.543882,15283.0,5.0,no_fire
915,0.554132,14674.5,5.0,no_fire
441,0.564002,14445.190476,5.0,no_fire
707,0.546738,14431.444444,5.0,fire
1125,0.692096,14930.0,5.0,no_fire
1226,0.699307,14422.954545,5.0,no_fire
822,0.665832,14902.0,5.0,no_fire
301,0.613768,14605.674419,4.348837,no_fire
172,0.558943,14867.409091,5.0,no_fire
284,0.537218,14702.0,5.0,no_fire
920,0.553835,14428.210526,5.0,no_fire
1583,0.470058,14550.666667,4.714286,no_fire
344,0.63115,15228.0,5.0,no_fire
306,0.494794,15051.363636,4.796875,fire
1680,0.593548,14092.0,3.0,no_fire
922,0.507266,14997.111111,4.444444,fire
1514,0.438729,15076.479487,4.639024,fire
167,0.601972,14747.357143,4.809524,no_fire
421,0.450263,15438.45098,4.607843,fire
225,0.572342,15251.0,9.0,fire
12,0.635615,14734.337688,4.496235,fire
1287,0.376031,15365.222222,5.0,no_fire
90,0.630937,14534.51443,4.663173,no_fire
1302,0.545559,14113.41989,4.62439,no_fire
1411,0.627269,14884.0,5.0,no_fire
857,0.582365,15078.349661,4.843373,fire
1460,0.654341,14737.5,5.0,no_fire
1459,0.380665,14305.0,4.583333,no_fire
304,0.604581,14174.333333,5.0,no_fire
1328,0.56985,13914.0,4.395349,no_fire
1658,0.593705,14062.933333,4.125683,no_fire
1646,0.576841,14108.0,5.0,no_fire
490,0.688334,14644.75,5.0,no_fire
74,0.502624,14229.5,5.0,no_fire
515,0.609722,14381.618343,4.479358,no_fire
561,0.532199,15405.98002,5.271001,fire
179,0.536745,14244.75,5.0,no_fire
109,0.60287,14447.666667,3.666667,no_fire
116,0.444175,14528.0,4.7,fire
293,0.592968,14682.0,3.0,no_fire
1072,0.587669,14749.065678,4.889831,no_fire
643,0.610376,14665.0,4.232558,no_fire
772,0.590409,15065.666667,3.0,no_fire
1421,0.560956,15239.671053,4.842105,fire
1196,0.572825,14291.0,5.0,no_fire
622,0.612995,14743.319651,4.980154,fire
1394,0.585995,14608.497778,4.463768,no_fire
409,0.527699,14948.0,5.0,fire
636,0.572598,14916.5,5.0,no_fire
1686,0.460276,15307.808652,4.849918,no_fire
288,0.653523,14785.705882,4.146789,fire
1518,0.498767,15209.763158,4.302326,fire
337,0.566519,14123.0,4.966102,no_fire
1474,0.564047,14433.8,4.0,no_fire
1622,0.431869,14617.725225,4.486446,no_fire
1012,0.594981,14314.307692,4.912281,no_fire
46,0.600452,14997.396226,4.792453,no_fire
747,0.497609,14713.714286,5.0,fire
753,0.62542,14418.551195,4.556314,no_fire
462,0.55267,14439.3,5.0,fire
1515,0.634151,14861.0,5.0,no_fire
1378,0.580193,14575.0,5.0,no_fire
1387,0.557882,14028.323058,4.967494,no_fire
424,0.479156,14784.058824,5.0,fire
325,0.441518,14699.726937,4.737288,no_fire
664,0.656426,14395.5,3.0,no_fire
350,0.605019,15114.0,5.0,no_fire
447,0.623837,14455.619048,4.36612,fire
1158,0.107733,13529.0,4.0,no_fire
1041,0.465048,14488.95122,4.99169,no_fire
1384,0.497448,15074.4,5.0,no_fire
1600,0.480503,14196.521739,4.982456,no_fire
754,0.461416,14095.678571,5.0,no_fire
138,0.562434,15198.883721,5.186047,fire
451,0.532313,14489.0,3.0,no_fire
699,0.615137,14625.0,5.0,no_fire
1456,0.657333,14159.5,5.0,no_fire
830,0.519254,14615.92,5.0,no_fire
1102,0.622957,14428.565288,4.71762,no_fire
950,0.648551,14481.684211,4.517065,no_fire
1019,0.616065,14184.625,4.913043,no_fire
1340,0.513625,14240.733333,4.880952,fire
396,0.702344,14662.932011,4.43871,no_fire
1339,0.527569,14881.0,3.0,no_fire
1359,0.447924,15261.058201,4.904661,no_fire
1457,0.569094,14642.98088,4.749147,fire
21,0.560908,14977.852941,5.0,no_fire
766,0.661699,14364.0,5.0,no_fire
392,0.519862,15126.5,5.0,no_fire
250,0.515379,14857.944444,4.888889,no_fire
1273,0.594981,14314.307692,4.912281,no_fire
1059,0.537474,14433.0,4.475362,fire
671,0.547465,14678.212121,5.0,no_fire
1689,0.563776,14171.333333,4.777778,no_fire
1534,0.6688,14647.0,5.0,no_fire
1175,0.499511,15001.666667,5.0,no_fire
1133,0.566661,14105.0,4.0,no_fire
869,0.420592,14607.656627,4.67561,no_fire
604,0.628873,14577.0,3.5,fire
1180,0.437913,13348.0,4.678261,no_fire
1154,0.485041,14458.384615,5.0,fire
627,0.610429,14597.37037,4.787234,no_fire
902,0.575046,14442.78,4.862745,no_fire
856,0.455269,14331.619048,4.898551,fire
700,0.592345,13823.861111,4.878378,no_fire
1253,0.53212,15144.5,5.0,no_fire
709,0.723267,14824.0,5.0,no_fire
1682,0.537729,14245.0,3.0,no_fire
321,0.120046,13298.5,3.5,no_fire
1368,0.484039,14392.5,5.0,no_fire
1526,0.514351,14632.65,4.853181,no_fire
1461,0.61962,13772.85,5.0,no_fire
624,0.616928,14577.0,5.0,no_fire
1478,0.597775,14598.757576,5.0,no_fire
125,0.614242,14445.5,5.0,no_fire
1011,0.504005,14857.0,5.0,no_fire
1090,0.49878,14935.748031,4.90625,fire
848,0.737729,14895.0,5.0,no_fire
780,0.697282,14532.112676,4.943662,no_fire
605,0.531416,14593.142857,4.36,no_fire
1693,0.452171,14680.094972,4.972864,no_fire
1419,0.346843,14639.0,4.454545,no_fire
415,0.449647,14970.385965,4.692982,fire
100,0.525336,14971.166667,4.888889,no_fire
741,0.495343,14745.0,5.0,fire
334,0.478873,15154.5,4.982456,fire
1402,0.628627,14122.823529,4.978723,no_fire
1424,0.525522,14595.0,4.0,no_fire
834,0.497872,14993.5,5.0,no_fire
833,0.634151,14861.0,5.0,no_fire
1581,0.576694,14526.605598,4.966467,no_fire
939,0.481273,14094.333333,4.388889,no_fire
1499,0.491522,14737.75,4.5,no_fire
1607,0.506653,14424.5,5.0,no_fire
1239,0.427926,13930.5,4.791667,no_fire
1232,0.547632,14531.0,5.0,no_fire
640,0.671326,14726.676056,4.971831,no_fire
104,0.601725,14856.181818,5.0,no_fire
815,0.599489,14711.5,3.0,no_fire
998,0.525904,14568.342105,5.0,no_fire
1075,0.64782,15089.0,5.0,no_fire
1613,0.578944,14837.401709,5.382813,fire
460,0.467998,14839.493443,4.862969,no_fire
1046,0.512512,14347.733333,4.956522,no_fire
585,0.606789,14329.684211,4.153623,no_fire
1205,0.592078,14755.0,5.0,no_fire
1604,0.605022,14452.0,5.0,no_fire
497,0.572482,14366.0,5.0,no_fire
702,0.568734,14743.0,5.0,no_fire
375,0.576353,14798.568627,4.607843,no_fire
975,0.497164,13783.782609,4.018522,no_fire
1609,0.7016,14813.897507,5.0,no_fire
404,0.642696,14597.666667,5.0,no_fire
419,0.524845,14711.603131,4.895907,fire
1397,0.422313,14562.253927,4.497561,no_fire
1156,0.470202,14782.0,5.0,no_fire
173,0.579681,14953.0,5.0,fire
690,0.560461,15091.333333,3.0,no_fire
827,0.610429,14597.37037,4.787234,no_fire
428,0.467505,14749.933333,4.944598,fire
1270,0.632962,14306.222222,4.056314,no_fire
1139,0.630377,15215.0,5.0,no_fire
1481,0.495828,14707.177778,4.887324,fire
718,0.655916,14739.0,4.0,no_fire
282,0.688334,14644.75,5.0,no_fire
1283,0.669672,13818.0,5.0,no_fire
1120,0.46207,14576.688056,4.951287,no_fire
1299,0.59964,14178.0,5.0,fire
635,0.632882,14580.534884,4.735849,no_fire
738,0.574706,14570.653351,4.792554,no_fire
499,0.517935,14823.617647,5.882353,fire
1098,0.501276,14483.454545,4.90625,no_fire
1113,0.528994,14390.5,5.0,no_fire
691,0.588574,13913.0,4.568627,no_fire
0,0.506782,14584.272727,4.692308,no_fire
1173,0.384223,15552.385079,4.472892,fire
926,0.528161,14543.428571,5.0,no_fire
1131,0.568334,15030.9,3.8,no_fire
1696,0.632368,14451.0,5.0,no_fire
1354,0.527329,14251.5,5.0,no_fire
327,0.525014,14660.0,3.0,no_fire
102,0.685019,14604.0,5.0,fire
213,0.472834,15214.68,5.608696,fire
1159,0.631633,14280.5,4.660377,no_fire
852,0.618951,14727.962963,5.0,no_fire
246,0.679133,14951.0,5.0,no_fire
1688,0.542525,14958.25,5.0,fire
1386,0.715266,14550.242915,4.632258,no_fire
1550,0.489113,14564.333333,4.402516,no_fire
1545,0.408542,14362.833333,4.137615,no_fire
1442,0.67826,14275.5,4.611111,no_fire
1225,0.537299,14793.117647,5.0,no_fire
365,0.423742,14551.812883,4.420181,fire
248,0.474252,14333.0,5.0,no_fire
736,0.457004,14646.0,4.93913,fire
26,0.686572,14139.0,5.0,no_fire
836,0.464543,14644.248879,4.735495,no_fire
1554,0.505385,14239.304348,5.0,no_fire
680,0.538799,14014.160377,4.957852,no_fire
1317,0.631504,15084.0,5.0,no_fire
1546,0.600845,14785.0,5.0,no_fire
3,0.120046,13298.5,3.5,no_fire
134,0.588788,14574.0,5.0,no_fire
837,0.512674,14711.6,5.0,no_fire
355,0.657085,14487.0,5.0,no_fire
292,0.486992,14342.390244,5.0,no_fire
698,0.461352,14641.0,4.941272,no_fire
1048,0.425979,14624.914286,4.982609,no_fire
1645,0.464395,15054.233256,5.176183,no_fire
1560,0.686766,14999.0,5.0,no_fire
369,0.536977,14786.842105,4.982609,no_fire
1513,0.513233,14709.0,5.0,no_fire
1413,0.485122,14616.529412,4.965217,fire
1249,0.033618,13743.142857,4.571429,no_fire
226,0.688899,14595.481481,4.962963,no_fire
339,0.401609,13863.318182,4.583333,no_fire
1476,0.573438,14607.0,5.0,fire
603,0.560956,15239.671053,4.842105,fire
454,0.70851,14391.070423,4.716129,no_fire
63,0.534302,14682.6875,5.0,no_fire
990,0.6432,14457.0,5.0,no_fire
237,0.580253,15022.036585,4.697561,fire
650,0.594195,14455.0,5.0,no_fire
112,0.555382,14697.333333,5.0,no_fire
1685,0.529238,14391.626829,4.646341,no_fire
1429,0.48487,14778.0,5.0,no_fire
577,0.640391,14916.545455,4.97619,no_fire
126,0.568812,14698.833333,4.071429,no_fire
1008,0.664733,15087.833333,5.5,fire
1516,0.482798,14352.0,4.684211,fire
1363,0.476088,14273.688852,4.911909,no_fire
851,0.576391,14845.253521,4.887324,no_fire
694,0.610429,14597.37037,4.787234,no_fire
137,0.57268,15120.6875,3.875,no_fire
1009,0.55408,14761.666667,4.962963,no_fire
1390,0.43754,14872.111111,4.921569,fire
7,0.519243,14738.0,5.0,fire
502,0.687941,14413.0,4.0,no_fire
854,0.377467,14916.333333,5.0,no_fire
947,0.527899,15355.823529,5.0,no_fire
631,0.472134,14493.52,5.0,no_fire
929,0.433759,14490.77193,4.174312,no_fire
1423,0.612132,14942.0,5.0,no_fire
407,0.570324,14513.5,5.0,no_fire
1670,0.477127,14594.555556,4.619048,no_fire
357,0.502898,14715.0,5.0,fire
153,0.50297,14742.009346,4.912698,no_fire
343,0.515052,14213.748366,4.934747,no_fire
305,0.615611,14801.333333,4.0,no_fire
1535,0.434761,14408.48,5.0,no_fire
612,0.476538,15228.394737,5.0,no_fire
1647,0.61695,14754.284091,4.440367,fire
280,0.522958,14443.875,4.842105,fire
1473,0.630026,14395.877193,4.548246,no_fire
1660,0.5545,14213.0,5.0,no_fire
1080,0.477069,14475.5,5.0,no_fire
400,0.46791,14607.346154,4.98892,fire
468,0.532569,15049.470588,5.0,fire
1233,0.539792,14932.0,5.0,no_fire
504,0.121439,13969.181818,5.0,no_fire
534,0.579681,14953.0,5.0,fire
1016,0.549393,14974.0,5.0,fire
903,0.504575,14276.836066,4.920635,fire
1370,0.592345,13823.861111,4.878378,no_fire
550,0.536325,14487.948718,4.73913,no_fire
1528,0.380013,14651.166667,4.75,no_fire
1556,0.638942,14553.574561,4.95614,no_fire
1130,0.625392,14394.0,3.5,no_fire
945,0.470382,14840.444219,4.939148,no_fire
163,0.602128,14970.8,3.793103,no_fire
336,0.563776,14171.333333,4.777778,no_fire
59,0.6927,14572.0,5.0,no_fire
1118,0.632157,14869.827778,4.410203,fire
1601,0.588788,14574.0,5.0,no_fire
1654,0.60229,14217.0,4.0,no_fire
449,0.667583,14115.0,5.0,no_fire
855,0.500058,14487.0,4.846154,no_fire
1342,0.624769,14717.944954,4.178899,no_fire
1334,0.288298,14174.454545,4.375,no_fire
1531,0.466786,14452.0,4.950924,fire
437,0.615611,14801.333333,4.0,no_fire
1314,0.566529,14789.631323,4.903165,no_fire
786,0.62817,15225.0,5.0,fire
873,0.592203,14332.519108,4.16055,no_fire
1580,0.682157,14497.0,5.0,no_fire
819,0.700139,14530.363636,5.0,no_fire
1243,0.636726,14418.644068,4.928571,no_fire
1006,0.417525,14750.1,5.0,no_fire
586,0.519147,14711.714286,5.0,no_fire
1306,0.657081,15186.0,5.0,no_fire
941,0.48392,14784.233333,5.0,fire
348,0.608144,14449.3,4.904762,no_fire
1406,0.537944,13997.0,3.0,no_fire
1028,0.616222,14271.5,3.0,no_fire
1163,0.628228,14607.0,5.0,no_fire
463,0.605278,14567.666667,3.0,no_fire
1231,0.566252,14502.285714,4.662162,no_fire
1160,0.730044,13723.044444,4.658065,no_fire
1603,0.636929,14240.0,4.0,no_fire
653,0.640565,14594.086957,5.0,no_fire
573,0.506443,14078.916667,4.732463,no_fire
647,0.461984,15071.014706,4.78922,fire
595,0.622407,14710.0,5.0,no_fire
890,0.644724,14444.0,5.0,no_fire
1616,0.634966,14578.0,5.0,no_fire
1348,0.491077,14831.0,5.0,no_fire
1300,0.619105,14922.0,4.888889,no_fire
1308,0.58449,14874.677498,4.908127,no_fire
470,0.657085,14487.0,5.0,no_fire
800,0.479684,14490.196078,4.777778,no_fire
281,0.572166,14040.240741,4.103448,no_fire
932,0.716763,14318.0,4.0,no_fire
732,0.697767,14833.0,5.0,no_fire
715,0.701565,14146.083333,3.948387,no_fire
832,0.523873,14667.333333,5.0,fire
951,0.482265,15145.349057,4.792453,fire
1144,0.648347,14992.584323,4.151376,no_fire
1338,0.492228,14557.35473,4.933116,no_fire
